{"is_source_file": true, "format": "JavaScript (React JSX)", "description": "This file defines a React functional component 'App' that manages a theme toggle (light/dark) using React hooks, and renders a UI with a toggle button, logo, and links.", "external_files": ["./logo.svg", "./App.css"], "external_methods": ["React.useState", "React.useEffect"], "published": ["App"], "classes": [], "methods": [{"name": "App()", "description": "Main React functional component that manages theme state and renders UI components.", "scope": "", "scopeKind": ""}, {"name": "toggleTheme", "description": "Function to switch the theme state between 'light' and 'dark'."}], "calls": ["React.useState", "React.useEffect", "document.documentElement.setAttribute", "setTheme", "prevTheme => prevTheme === 'light' ? 'dark' : 'light'", "console.log", "React.createElement", "React.cloneElement", "React.forwardRef", "React.memo", "React.lazy", "React.Suspense", "React.StrictMode"], "search-terms": ["React App component", "theme toggle", "useState hook", "useEffect hook", "dark mode switch", "logo.svg", "App.css", "React JSX"], "state": 2, "file_id": 9, "knowledge_revision": 25, "git_revision": "742c906ddaca3916848a33d57e904aae7d5d4811", "ctags": [{"_type": "tag", "name": "App", "path": "/home/kavia/workspace/code-generation/green-worm-farm-landing-page-230150-230159/frontend_landing_page/src/App.js", "pattern": "/^function App() {$/", "language": "JavaScript", "kind": "function", "signature": "()"}, {"_type": "tag", "name": "Switch to ${theme === 'light' ? 'dark' : 'light'} mode", "path": "/home/kavia/workspace/code-generation/green-worm-farm-landing-page-230150-230159/frontend_landing_page/src/App.js", "pattern": "/^          aria-label={`Switch to ${theme === 'light' ? 'dark' : 'light'} mode`}$/", "language": "JavaScript", "kind": "field", "scope": "App.aria", "scopeKind": "class"}, {"_type": "tag", "name": "toggleTheme", "path": "/home/kavia/workspace/code-generation/green-worm-farm-landing-page-230150-230159/frontend_landing_page/src/App.js", "pattern": "/^          onClick={toggleTheme}$/", "language": "JavaScript", "kind": "field", "scope": "App.onClick", "scopeKind": "class"}], "hash": "b55dd9e6a018e59207d8e277dffd9e11", "format-version": 4, "code-base-name": "frontend_landing_page", "filename": "frontend_landing_page/src/App.js", "fields": [{"name": "aria-label={`Switch to ${theme === 'light' ? 'dark' : 'light'} mode`}", "scope": "App.aria", "scopeKind": "class", "description": "unavailable"}, {"name": "onClick={toggleTheme}", "scope": "App.onClick", "scopeKind": "class", "description": "unavailable"}], "revision_history": [{"25": "742c906ddaca3916848a33d57e904aae7d5d4811"}]}