{"is_source_file": true, "format": "JavaScript", "description": "This is a test setup file for configuring Jest testing environment with custom DOM matchers provided by '@testing-library/jest-dom'.", "external_files": ["@testing-library/jest-dom"], "external_methods": ["expect().toHaveTextContent()"], "published": [], "classes": [], "methods": [], "calls": ["import('@testing-library/jest-dom')"], "search-terms": ["setupTests.js", "jest-dom", "jest matchers", "testing-library"], "state": 2, "file_id": 6, "knowledge_revision": 22, "git_revision": "742c906ddaca3916848a33d57e904aae7d5d4811", "ctags": [], "hash": "1a77571e1a8cf36018a41bcedf60db75", "format-version": 4, "code-base-name": "frontend_landing_page", "filename": "frontend_landing_page/src/setupTests.js", "revision_history": [{"22": "742c906ddaca3916848a33d57e904aae7d5d4811"}]}