{"is_source_file": false, "format": "", "description": "", "external_files": [], "external_methods": [], "published": [], "classes": [], "methods": [], "calls": [], "search-terms": [], "state": 2, "file_id": 1, "knowledge_revision": 14, "git_revision": "742c906ddaca3916848a33d57e904aae7d5d4811", "hash": "d001d53c059625c4bcf75bf5a7f3fcf0", "format-version": 4, "code-base-name": "frontend_landing_page", "filename": "frontend_landing_page/package.json", "revision_history": [{"14": "742c906ddaca3916848a33d57e904aae7d5d4811"}]}