{"is_source_file": true, "format": "JavaScript (ES Modules, .mjs)", "description": "ESLint configuration file that sets up linting rules, parser options, and plugins for a JavaScript/React project.", "external_files": ["@eslint/js", "eslint-plugin-react"], "external_methods": ["pluginJs", "pluginReact"], "published": [], "classes": [], "methods": [], "calls": ["pluginJs.configs.recommended"], "search-terms": ["eslint", "eslint-plugin-react", "parserOptions", "rules", "react", "jsx", "ecmaVersion", "globals", "no-unused-vars"], "state": 2, "file_id": 10, "knowledge_revision": 21, "git_revision": "742c906ddaca3916848a33d57e904aae7d5d4811", "hash": "be6538e7523bc2e9da0743133d784136", "format-version": 4, "code-base-name": "frontend_landing_page", "filename": "frontend_landing_page/eslint.config.mjs", "revision_history": [{"21": "742c906ddaca3916848a33d57e904aae7d5d4811"}]}