{"is_source_file": false, "format": "", "description": "", "external_files": [], "external_methods": [], "published": [], "classes": [], "methods": [], "calls": [], "search-terms": [], "state": 2, "file_id": 3, "knowledge_revision": 15, "git_revision": "742c906ddaca3916848a33d57e904aae7d5d4811", "hash": "d9d975cebe2ec20b6c652e1e4c12ccf0", "format-version": 4, "code-base-name": "frontend_landing_page", "filename": "frontend_landing_page/public/manifest.json", "revision_history": [{"15": "742c906ddaca3916848a33d57e904aae7d5d4811"}]}