{"is_source_file": false, "format": "", "description": "", "external_files": [], "external_methods": [], "published": [], "classes": [], "methods": [], "calls": [], "search-terms": [], "state": 2, "file_id": 2, "knowledge_revision": 19, "git_revision": "742c906ddaca3916848a33d57e904aae7d5d4811", "hash": "d2b40d02d5f7873d8a6713bad837edd4", "format-version": 4, "code-base-name": "frontend_landing_page", "filename": "frontend_landing_page/public/index.html", "revision_history": [{"19": "742c906ddaca3916848a33d57e904aae7d5d4811"}]}