{"is_source_file": true, "format": "JavaScript (React JSX)", "description": "This file serves as the entry point for a React-based frontend application, initializing and rendering the main App component inside the DOM element with id 'root'.", "external_files": ["react", "react-dom/client", "./index.css", "./App"], "external_methods": ["ReactDOM.createRoot", "ReactDOM.createRoot().render", "document.getElementById"], "published": ["React", "ReactDOM"], "classes": [], "methods": [{"name": "ReactDOM.createRoot", "description": "Creates a root for rendering React components into the DOM."}, {"name": "root.render", "description": "Renders React elements into the root DOM node."}], "calls": ["ReactDOM.createRoot", "document.getElementById", "root.render"], "search-terms": ["React", "ReactDOM", "index.js", "entry point", "render", "StrictMode"], "state": 2, "file_id": 4, "knowledge_revision": 24, "git_revision": "742c906ddaca3916848a33d57e904aae7d5d4811", "ctags": [{"_type": "tag", "name": "root", "path": "/home/kavia/workspace/code-generation/green-worm-farm-landing-page-230150-230159/frontend_landing_page/src/index.js", "pattern": "/^const root = ReactDOM.createRoot(document.getElementById('root'));$/", "language": "JavaScript", "kind": "constant"}], "hash": "9fc5841375336fc175b49f8767a11383", "format-version": 4, "code-base-name": "frontend_landing_page", "filename": "frontend_landing_page/src/index.js", "revision_history": [{"24": "742c906ddaca3916848a33d57e904aae7d5d4811"}]}