{"is_source_file": false, "format": "", "description": "", "external_files": [], "external_methods": [], "published": [], "classes": [], "methods": [], "calls": [], "search-terms": [], "state": 2, "file_id": 7, "knowledge_revision": 16, "git_revision": "742c906ddaca3916848a33d57e904aae7d5d4811", "hash": "6c2104b8d219ed99234ae2d6329f4357", "format-version": 4, "code-base-name": "frontend_landing_page", "filename": "frontend_landing_page/src/index.css", "revision_history": [{"16": "742c906ddaca3916848a33d57e904aae7d5d4811"}]}