{"is_source_file": false, "format": "", "description": "", "external_files": [], "external_methods": [], "published": [], "classes": [], "methods": [], "calls": [], "search-terms": [], "state": 2, "file_id": 8, "knowledge_revision": 17, "git_revision": "742c906ddaca3916848a33d57e904aae7d5d4811", "hash": "22f9e17cc1848b56dbb244518ac2707e", "format-version": 4, "code-base-name": "frontend_landing_page", "filename": "frontend_landing_page/src/App.css", "revision_history": [{"17": "742c906ddaca3916848a33d57e904aae7d5d4811"}]}