{"is_source_file": false, "format": "", "description": "", "external_files": [], "external_methods": [], "published": [], "classes": [], "methods": [], "calls": [], "search-terms": [], "state": 2, "file_id": 11, "knowledge_revision": 18, "git_revision": "742c906ddaca3916848a33d57e904aae7d5d4811", "hash": "ebece526bc2eadd78ddd787a76c56607", "format-version": 4, "code-base-name": "frontend_landing_page", "filename": "frontend_landing_page/README.md", "revision_history": [{"18": "742c906ddaca3916848a33d57e904aae7d5d4811"}]}