{"is_source_file": false, "format": "", "description": "", "external_files": [], "external_methods": [], "published": [], "classes": [], "methods": [], "calls": [], "search-terms": [], "state": 2, "file_id": 12, "knowledge_revision": 20, "git_revision": "8229f11e13fc973a70ebe09193077931ea0de233", "hash": "b618b7ee13e0a34232b43cb43bcac2a2", "format-version": 4, "code-base-name": "frontend_landing_page", "filename": "README.md", "revision_history": [{"20": "8229f11e13fc973a70ebe09193077931ea0de233"}]}